{"cameraMode":{"drawMode":0,"name":"Shaded","section":"Shading Mode"},"sceneLighting":true,"audioPlay":false,"sceneViewState":{"m_AlwaysRefresh":false,"showFog":true,"showSkybox":true,"showFlares":true,"showImageEffects":true,"showParticleSystems":true,"showVisualEffectGraphs":true,"m_FxEnabled":true},"in2DMode":false,"pivot":{"x":-0.31813693046569826,"y":2.7351694107055666,"z":-27.889537811279298},"rotation":{"x":-0.013935601338744164,"y":0.8191147446632385,"z":-0.01991649717092514,"w":-0.5731222629547119},"size":1.7449346780776978,"orthographic":false}