{"cameraMode":{"drawMode":0,"name":"Shaded","section":"Shading Mode"},"sceneLighting":true,"audioPlay":false,"sceneViewState":{"m_AlwaysRefresh":false,"showFog":true,"showSkybox":true,"showFlares":true,"showImageEffects":true,"showParticleSystems":true,"showVisualEffectGraphs":true,"m_FxEnabled":true},"in2DMode":false,"pivot":{"x":13.884576797485352,"y":1.2941257953643799,"z":-1.7186365127563477},"rotation":{"x":0.0880051851272583,"y":0.9084194898605347,"z":-0.24350562691688538,"w":0.32830551266670229},"size":12.787004470825196,"orthographic":false}