{"cameraMode":{"drawMode":0,"name":"Shaded","section":"Shading Mode"},"sceneLighting":true,"audioPlay":false,"sceneViewState":{"m_AlwaysRefresh":false,"showFog":true,"showSkybox":true,"showFlares":true,"showImageEffects":true,"showParticleSystems":true,"showVisualEffectGraphs":true,"m_FxEnabled":true},"in2DMode":false,"pivot":{"x":-0.04498507082462311,"y":5.8488993644714359,"z":18.912250518798829},"rotation":{"x":-0.0027018531691282989,"y":0.6732111573219299,"z":0.002382904989644885,"w":0.739497721195221},"size":58.59281539916992,"orthographic":false}