{"cameraMode":{"drawMode":0,"name":"Shaded","section":"Shading Mode"},"sceneLighting":true,"audioPlay":false,"sceneViewState":{"m_AlwaysRefresh":false,"showFog":true,"showSkybox":true,"showFlares":true,"showImageEffects":true,"showParticleSystems":true,"showVisualEffectGraphs":true,"m_FxEnabled":true},"in2DMode":false,"pivot":{"x":-104.24754333496094,"y":34.427188873291019,"z":35.472572326660159},"rotation":{"x":0.18606507778167725,"y":0.7986226081848145,"z":-0.4823674261569977,"w":0.3083675801753998},"size":0.8660253882408142,"orthographic":false}