{"cameraMode":{"drawMode":0,"name":"Shaded","section":"Shading Mode"},"sceneLighting":false,"audioPlay":false,"sceneViewState":{"m_AlwaysRefresh":false,"showFog":true,"showSkybox":false,"showFlares":true,"showImageEffects":true,"showParticleSystems":true,"showVisualEffectGraphs":true,"m_FxEnabled":true},"in2DMode":false,"pivot":{"x":-6.700000286102295,"y":0.040999531745910647,"z":-25.200002670288087},"rotation":{"x":0.3198700249195099,"y":0.5084624886512756,"z":-0.2106141448020935,"w":0.7712982296943665},"size":1.3163589239120484,"orthographic":false}